{"status":"success"}Local, 0.004847, 0.004998, 0.000000, 0.005029, 0.000000, 0.405461, 0.405511
{"status":"success"}Local, 0.004266, 0.004431, 0.000000, 0.004458, 0.000000, 0.379964, 0.380001
{"status":"success"}Local, 0.005361, 0.005545, 0.000000, 0.005603, 0.000000, 0.380697, 0.380784
{"status":"success"}Local, 0.004241, 0.004405, 0.000000, 0.004445, 0.000000, 0.378609, 0.378667
{"status":"success"}Local, 0.005105, 0.005266, 0.000000, 0.005311, 0.000000, 0.382017, 0.382086
{"status":"success"}Local, 0.005104, 0.005269, 0.000000, 0.005292, 0.000000, 0.385410, 0.385460
{"status":"success"}Local, 0.005053, 0.005292, 0.000000, 0.005333, 0.000000, 0.380990, 0.381031
{"status":"success"}Local, 0.004761, 0.004946, 0.000000, 0.005009, 0.000000, 0.381608, 0.381685
{"status":"success"}Local, 0.004580, 0.004744, 0.000000, 0.004786, 0.000000, 0.382009, 0.382096
{"status":"success"}Local, 0.004427, 0.004598, 0.000000, 0.004634, 0.000000, 0.382768, 0.382826
{"status":"success"}Local, 0.005290, 0.005556, 0.000000, 0.005598, 0.000000, 0.381738, 0.381824
{"status":"success"}Local, 0.004122, 0.004319, 0.000000, 0.004361, 0.000000, 0.380133, 0.380182
{"status":"success"}Local, 0.004533, 0.004727, 0.000000, 0.004766, 0.000000, 0.380428, 0.380472
{"status":"success"}Local, 0.004844, 0.005029, 0.000000, 0.005086, 0.000000, 0.381125, 0.381192
{"status":"success"}Local, 0.004793, 0.005017, 0.000000, 0.005053, 0.000000, 0.386184, 0.386223
{"status":"success"}Local, 0.005088, 0.005289, 0.000000, 0.005321, 0.000000, 0.384790, 0.384865
{"status":"success"}Local, 0.004136, 0.004271, 0.000000, 0.004325, 0.000000, 0.379401, 0.379447
{"status":"success"}Local, 0.005131, 0.005327, 0.000000, 0.005367, 0.000000, 0.383347, 0.383392
{"status":"success"}Local, 0.004742, 0.004916, 0.000000, 0.004952, 0.000000, 0.380262, 0.380354
{"status":"success"}Local, 0.004335, 0.004555, 0.000000, 0.004631, 0.000000, 0.381210, 0.381303
{"status":"success"}Local, 0.004860, 0.005100, 0.000000, 0.005175, 0.000000, 0.380911, 0.380958
{"status":"success"}Local, 0.004560, 0.004776, 0.000000, 0.004831, 0.000000, 0.382730, 0.382797
{"status":"success"}Local, 0.005113, 0.005269, 0.000000, 0.005314, 0.000000, 0.381486, 0.381535
{"status":"success"}Local, 0.004718, 0.004924, 0.000000, 0.004964, 0.000000, 0.382501, 0.382589
{"status":"success"}Local, 0.004569, 0.004829, 0.000000, 0.004896, 0.000000, 0.381985, 0.382035
{"status":"success"}Local, 0.004421, 0.004644, 0.000000, 0.004681, 0.000000, 0.383040, 0.383108
{"status":"success"}Local, 0.004799, 0.004986, 0.000000, 0.005038, 0.000000, 0.379830, 0.379880
{"status":"success"}Local, 0.005124, 0.005303, 0.000000, 0.005349, 0.000000, 0.380236, 0.380283
{"status":"success"}Local, 0.004198, 0.004434, 0.000000, 0.004480, 0.000000, 0.380607, 0.380674
{"status":"success"}Local, 0.004776, 0.004965, 0.000000, 0.004994, 0.000000, 0.382710, 0.382823
{"status":"success"}Local, 0.004315, 0.004536, 0.000000, 0.004581, 0.000000, 0.442386, 0.442429
{"status":"success"}Local, 0.004981, 0.005180, 0.000000, 0.005223, 0.000000, 0.383099, 0.383156
{"status":"success"}Local, 0.005098, 0.005315, 0.000000, 0.005540, 0.000000, 0.877782, 0.877889
{"status":"success"}Local, 0.004334, 0.004579, 0.000000, 0.004623, 0.000000, 0.381819, 0.381876
{"status":"success"}Local, 0.004234, 0.004369, 0.000000, 0.004408, 0.000000, 0.378964, 0.379035
{"status":"success"}Local, 0.005097, 0.005362, 0.000000, 0.005409, 0.000000, 0.389195, 0.389274
{"status":"success"}Local, 0.005131, 0.005360, 0.000000, 0.005404, 0.000000, 0.379942, 0.380030
{"status":"success"}Local, 0.004082, 0.004329, 0.000000, 0.004372, 0.000000, 0.380802, 0.380893
{"status":"success"}Local, 0.004914, 0.005161, 0.000000, 0.005200, 0.000000, 0.380566, 0.380629
{"status":"success"}Local, 0.004605, 0.004801, 0.000000, 0.004846, 0.000000, 0.381628, 0.381670
{"status":"success"}Local, 0.005042, 0.005264, 0.000000, 0.005314, 0.000000, 0.381026, 0.381098
{"status":"success"}Local, 0.004717, 0.004941, 0.000000, 0.004986, 0.000000, 0.384711, 0.384757
{"status":"success"}Local, 0.004316, 0.004510, 0.000000, 0.004545, 0.000000, 0.385473, 0.385525
{"status":"success"}Local, 0.005095, 0.005267, 0.000000, 0.005302, 0.000000, 0.389175, 0.389212
{"status":"success"}Local, 0.004269, 0.004482, 0.000000, 0.004538, 0.000000, 0.381713, 0.381769
{"status":"success"}Local, 0.005115, 0.005303, 0.000000, 0.005342, 0.000000, 0.396161, 0.396213
{"status":"success"}Local, 0.004266, 0.004434, 0.000000, 0.004471, 0.000000, 0.380731, 0.380790
{"status":"success"}Local, 0.004389, 0.004644, 0.000000, 0.004709, 0.000000, 0.381171, 0.381273
{"status":"success"}Local, 0.004431, 0.004656, 0.000000, 0.004709, 0.000000, 0.380410, 0.380455
{"status":"success"}Local, 0.005132, 0.005309, 0.000000, 0.005381, 0.000000, 0.381713, 0.381764
{"status":"success"}Local, 0.004983, 0.005157, 0.000000, 0.005195, 0.000000, 0.380239, 0.380295
{"status":"success"}Local, 0.004315, 0.004578, 0.000000, 0.004654, 0.000000, 0.380783, 0.380872
{"status":"success"}Local, 0.005295, 0.005517, 0.000000, 0.005551, 0.000000, 0.380502, 0.380553
{"status":"success"}Local, 0.004454, 0.004650, 0.000000, 0.004692, 0.000000, 0.382955, 0.383007
{"status":"success"}Local, 0.004339, 0.004529, 0.000000, 0.004565, 0.000000, 0.379843, 0.379932
{"status":"success"}Local, 0.004510, 0.004720, 0.000000, 0.004763, 0.000000, 0.379384, 0.379435
{"status":"success"}Local, 0.005046, 0.005279, 0.000000, 0.005334, 0.000000, 0.381486, 0.381538
{"status":"success"}Local, 0.004128, 0.004317, 0.000000, 0.004361, 0.000000, 0.382418, 0.382514
{"status":"success"}Local, 0.004964, 0.005117, 0.000000, 0.005148, 0.000000, 0.379877, 0.379937
{"status":"success"}Local, 0.004224, 0.004428, 0.000000, 0.004468, 0.000000, 0.387585, 0.387638
{"status":"success"}Local, 0.004193, 0.004366, 0.000000, 0.004405, 0.000000, 0.379885, 0.379941
{"status":"success"}Local, 0.004777, 0.005043, 0.000000, 0.005088, 0.000000, 0.380218, 0.380314
{"status":"success"}Local, 0.004752, 0.005006, 0.000000, 0.005073, 0.000000, 0.386283, 0.386324
{"status":"success"}Local, 0.004337, 0.004471, 0.000000, 0.004521, 0.000000, 0.410043, 0.410094
{"status":"success"}Local, 0.004737, 0.004959, 0.000000, 0.005002, 0.000000, 0.380788, 0.380838
{"status":"success"}Local, 0.005113, 0.005296, 0.000000, 0.005331, 0.000000, 0.380568, 0.380627
{"status":"success"}Local, 0.004803, 0.004982, 0.000000, 0.005022, 0.000000, 0.391170, 0.391224
{"status":"success"}Local, 0.004293, 0.004480, 0.000000, 0.004504, 0.000000, 0.380852, 0.380887
{"status":"success"}Local, 0.005160, 0.005366, 0.000000, 0.005456, 0.000000, 0.380561, 0.380626
{"status":"success"}Local, 0.004690, 0.004947, 0.000000, 0.005018, 0.000000, 0.383773, 0.383824
{"status":"success"}Local, 0.004877, 0.005091, 0.000000, 0.005136, 0.000000, 0.393687, 0.393743
{"status":"success"}Local, 0.005160, 0.005441, 0.000000, 0.005506, 0.000000, 0.382721, 0.382771
{"status":"success"}Local, 0.004116, 0.004367, 0.000000, 0.004410, 0.000000, 0.379484, 0.379529
{"status":"success"}Local, 0.004387, 0.004579, 0.000000, 0.004608, 0.000000, 0.379154, 0.379203
{"status":"success"}Local, 0.005152, 0.005399, 0.000000, 0.005478, 0.000000, 0.386907, 0.386959
{"status":"success"}Local, 0.004148, 0.004353, 0.000000, 0.004397, 0.000000, 0.390129, 0.390236
{"status":"success"}Local, 0.004889, 0.005100, 0.000000, 0.005135, 0.000000, 0.381736, 0.381877
{"status":"success"}Local, 0.004239, 0.004457, 0.000000, 0.004484, 0.000000, 0.378268, 0.378335
{"status":"success"}Local, 0.005177, 0.005410, 0.000000, 0.005460, 0.000000, 0.380633, 0.380678
{"status":"success"}Local, 0.004129, 0.004301, 0.000000, 0.004346, 0.000000, 0.378472, 0.378520
{"status":"success"}Local, 0.004712, 0.004994, 0.000000, 0.005079, 0.000000, 0.386184, 0.386238
{"status":"success"}Local, 0.004975, 0.005213, 0.000000, 0.005250, 0.000000, 0.391735, 0.391795
{"status":"success"}Local, 0.004663, 0.004835, 0.000000, 0.004871, 0.000000, 0.379539, 0.379655
{"status":"success"}Local, 0.005083, 0.005314, 0.000000, 0.005357, 0.000000, 0.380315, 0.380365
{"status":"success"}Local, 0.004606, 0.004800, 0.000000, 0.004843, 0.000000, 0.383106, 0.383191
{"status":"success"}Local, 0.004240, 0.004425, 0.000000, 0.004477, 0.000000, 0.380489, 0.380584
{"status":"success"}Local, 0.005195, 0.005462, 0.000000, 0.005503, 0.000000, 0.380257, 0.380317
{"status":"success"}Local, 0.005123, 0.005317, 0.000000, 0.005346, 0.000000, 0.382781, 0.382840
{"status":"success"}Local, 0.005132, 0.005312, 0.000000, 0.005382, 0.000000, 0.385966, 0.386043
{"status":"success"}Local, 0.005029, 0.005242, 0.000000, 0.005281, 0.000000, 0.382521, 0.382587
{"status":"success"}Local, 0.005173, 0.005360, 0.000000, 0.005384, 0.000000, 0.381365, 0.381428
{"status":"success"}Local, 0.004779, 0.004957, 0.000000, 0.004981, 0.000000, 0.380630, 0.380696
{"status":"success"}Local, 0.004448, 0.004677, 0.000000, 0.004728, 0.000000, 0.379480, 0.379563
{"status":"success"}Local, 0.005087, 0.005305, 0.000000, 0.005343, 0.000000, 0.390380, 0.390432
{"status":"success"}Local, 0.004779, 0.005011, 0.000000, 0.005051, 0.000000, 0.387626, 0.387679
{"status":"success"}Local, 0.005185, 0.005448, 0.000000, 0.005493, 0.000000, 0.382544, 0.382599
{"status":"success"}Local, 0.004819, 0.005015, 0.000000, 0.005040, 0.000000, 0.387244, 0.387321
{"status":"success"}Local, 0.004284, 0.004459, 0.000000, 0.004503, 0.000000, 0.379858, 0.379903
{"status":"success"}Local, 0.004885, 0.005143, 0.000000, 0.005188, 0.000000, 0.381639, 0.381708
{"status":"success"}Local, 0.005112, 0.005304, 0.000000, 0.005340, 0.000000, 0.381677, 0.381729
{"status":"success"}Local, 0.005056, 0.005233, 0.000000, 0.005257, 0.000000, 0.380584, 0.380628
{"status":"success"}Local, 0.004968, 0.005140, 0.000000, 0.005174, 0.000000, 0.424711, 0.424748
{"status":"success"}Local, 0.004184, 0.004384, 0.000000, 0.004420, 0.000000, 0.394262, 0.394314
{"status":"success"}Local, 0.005070, 0.005240, 0.000000, 0.005281, 0.000000, 0.395721, 0.395797
{"status":"success"}Local, 0.005002, 0.005179, 0.000000, 0.005233, 0.000000, 0.395389, 0.395454
{"status":"success"}Local, 0.004382, 0.004553, 0.000000, 0.004581, 0.000000, 0.393665, 0.393701
{"status":"success"}Local, 0.005105, 0.005304, 0.000000, 0.005348, 0.000000, 0.399463, 0.399547
{"status":"success"}Local, 0.004414, 0.004617, 0.000000, 0.004666, 0.000000, 0.397211, 0.397265
{"status":"success"}Local, 0.004798, 0.005006, 0.000000, 0.005066, 0.000000, 0.403788, 0.403860
{"status":"success"}Local, 0.004219, 0.004475, 0.000000, 0.004529, 0.000000, 0.395878, 0.395930
{"status":"success"}Local, 0.004804, 0.005026, 0.000000, 0.005054, 0.000000, 0.393634, 0.393717
{"status":"success"}Local, 0.004924, 0.005101, 0.000000, 0.005164, 0.000000, 0.407133, 0.407174
{"status":"success"}Local, 0.004513, 0.004745, 0.000000, 0.004790, 0.000000, 0.395355, 0.395412
{"status":"success"}Local, 0.005164, 0.005315, 0.000000, 0.005342, 0.000000, 0.395633, 0.395695
{"status":"success"}Local, 0.004316, 0.004594, 0.000000, 0.004642, 0.000000, 0.413369, 0.413414
{"status":"success"}Local, 0.005118, 0.005257, 0.000000, 0.005293, 0.000000, 0.403880, 0.403939
{"status":"success"}Local, 0.004741, 0.004923, 0.000000, 0.004963, 0.000000, 0.397132, 0.397198
{"status":"success"}Local, 0.004963, 0.005563, 0.000000, 0.005625, 0.000000, 0.396794, 0.396838
{"status":"success"}Local, 0.004835, 0.005073, 0.000000, 0.005176, 0.000000, 0.395145, 0.395191
{"status":"success"}Local, 0.004193, 0.004467, 0.000000, 0.004510, 0.000000, 0.394089, 0.394138
{"status":"success"}Local, 0.005108, 0.005334, 0.000000, 0.005384, 0.000000, 0.394666, 0.394717
{"status":"success"}Local, 0.005085, 0.005285, 0.000000, 0.005321, 0.000000, 0.396879, 0.396931
{"status":"success"}Local, 0.004677, 0.004944, 0.000000, 0.005002, 0.000000, 0.396564, 0.396619
{"status":"success"}Local, 0.004130, 0.004328, 0.000000, 0.004361, 0.000000, 0.395673, 0.395726
{"status":"success"}Local, 0.004369, 0.004614, 0.000000, 0.004657, 0.000000, 0.403023, 0.403105
{"status":"success"}Local, 0.004739, 0.004925, 0.000000, 0.004956, 0.000000, 0.394126, 0.394176
{"status":"success"}Local, 0.004150, 0.004323, 0.000000, 0.004367, 0.000000, 0.393711, 0.393761
{"status":"success"}Local, 0.004186, 0.004463, 0.000000, 0.004559, 0.000000, 0.394490, 0.394560
{"status":"success"}Local, 0.004560, 0.004883, 0.000000, 0.004924, 0.000000, 0.394779, 0.394814
{"status":"success"}Local, 0.004129, 0.004279, 0.000000, 0.004309, 0.000000, 0.392873, 0.392921
{"status":"success"}Local, 0.004569, 0.004778, 0.000000, 0.004830, 0.000000, 0.393745, 0.393805
{"status":"success"}Local, 0.008245, 0.008768, 0.000000, 0.008813, 0.000000, 0.401207, 0.401286
{"status":"success"}Local, 0.004962, 0.005171, 0.000000, 0.005215, 0.000000, 0.396524, 0.396582
{"status":"success"}Local, 0.004166, 0.004347, 0.000000, 0.004373, 0.000000, 0.394841, 0.394890
{"status":"success"}Local, 0.004317, 0.004477, 0.000000, 0.004518, 0.000000, 0.392796, 0.392844
{"status":"success"}Local, 0.005100, 0.005262, 0.000000, 0.005305, 0.000000, 0.401908, 0.401961
{"status":"success"}Local, 0.004164, 0.004454, 0.000000, 0.004520, 0.000000, 0.396167, 0.396243
{"status":"success"}Local, 0.004140, 0.004367, 0.000000, 0.004404, 0.000000, 0.394628, 0.394677
{"status":"success"}Local, 0.004574, 0.004758, 0.000000, 0.004784, 0.000000, 0.412460, 0.412545
{"status":"success"}Local, 0.004679, 0.004884, 0.000000, 0.004936, 0.000000, 0.393892, 0.393949
{"status":"success"}Local, 0.004291, 0.004481, 0.000000, 0.004622, 0.000000, 0.394261, 0.394378
{"status":"success"}Local, 0.004149, 0.004328, 0.000000, 0.004383, 0.000000, 0.394333, 0.394402
{"status":"success"}Local, 0.004400, 0.004644, 0.000000, 0.004682, 0.000000, 0.402160, 0.402207
{"status":"success"}Local, 0.004882, 0.005022, 0.000000, 0.005078, 0.000000, 0.396076, 0.396157
{"status":"success"}Local, 0.005121, 0.005658, 0.000000, 0.005852, 0.000000, 0.395809, 0.395860
{"status":"success"}Local, 0.004217, 0.004396, 0.000000, 0.004433, 0.000000, 0.395905, 0.395976
{"status":"success"}Local, 0.004188, 0.004395, 0.000000, 0.004420, 0.000000, 0.397827, 0.397892
{"status":"success"}Local, 0.004127, 0.004362, 0.000000, 0.004396, 0.000000, 0.402535, 0.402590
{"status":"success"}Local, 0.005160, 0.005383, 0.000000, 0.005420, 0.000000, 0.394310, 0.394357
{"status":"success"}Local, 0.004238, 0.004435, 0.000000, 0.004500, 0.000000, 0.393349, 0.393405
{"status":"success"}Local, 0.004541, 0.004827, 0.000000, 0.004881, 0.000000, 0.395907, 0.395994
{"status":"success"}Local, 0.004940, 0.005152, 0.000000, 0.005191, 0.000000, 0.399287, 0.399367
{"status":"success"}Local, 0.004442, 0.004723, 0.000000, 0.004830, 0.000000, 0.395730, 0.395800
{"status":"success"}Local, 0.005123, 0.005297, 0.000000, 0.005333, 0.000000, 0.394206, 0.394289
{"status":"success"}Local, 0.004268, 0.004452, 0.000000, 0.004522, 0.000000, 0.396169, 0.396220
{"status":"success"}Local, 0.004911, 0.005226, 0.000000, 0.005293, 0.000000, 0.397399, 0.397451
{"status":"success"}Local, 0.005148, 0.005402, 0.000000, 0.005470, 0.000000, 0.395810, 0.395852
{"status":"success"}Local, 0.004513, 0.004664, 0.000000, 0.004696, 0.000000, 0.401423, 0.401491
{"status":"success"}Local, 0.005007, 0.005196, 0.000000, 0.005235, 0.000000, 0.396600, 0.396662
{"status":"success"}Local, 0.004196, 0.004377, 0.000000, 0.004440, 0.000000, 0.394886, 0.394939
{"status":"success"}Local, 0.004845, 0.005113, 0.000000, 0.005182, 0.000000, 0.398571, 0.398621
{"status":"success"}Local, 0.004763, 0.005082, 0.000000, 0.005132, 0.000000, 0.402381, 0.402448
{"status":"success"}Local, 0.004605, 0.004828, 0.000000, 0.004879, 0.000000, 0.393853, 0.393913
{"status":"success"}Local, 0.004708, 0.004943, 0.000000, 0.004979, 0.000000, 0.393967, 0.394008
{"status":"success"}Local, 0.004346, 0.004517, 0.000000, 0.004556, 0.000000, 0.399520, 0.399599
{"status":"success"}Local, 0.004936, 0.005101, 0.000000, 0.005139, 0.000000, 0.396610, 0.396675
{"status":"success"}Local, 0.005171, 0.005361, 0.000000, 0.005385, 0.000000, 0.396350, 0.396411
{"status":"success"}Local, 0.005163, 0.005445, 0.000000, 0.005502, 0.000000, 0.394548, 0.394591
{"status":"success"}Local, 0.004397, 0.004602, 0.000000, 0.004633, 0.000000, 0.394084, 0.394159
{"status":"success"}Local, 0.005050, 0.005356, 0.000000, 0.005418, 0.000000, 0.395556, 0.395622
{"status":"success"}Local, 0.004364, 0.004594, 0.000000, 0.004675, 0.000000, 0.394846, 0.394893
{"status":"success"}Local, 0.004250, 0.004396, 0.000000, 0.004433, 0.000000, 0.396151, 0.396196
{"status":"success"}Local, 0.004843, 0.005372, 0.000000, 0.005459, 0.000000, 0.397480, 0.397548
{"status":"success"}Local, 0.004567, 0.004765, 0.000000, 0.004806, 0.000000, 0.394966, 0.395018
{"status":"success"}Local, 0.005151, 0.005327, 0.000000, 0.005351, 0.000000, 0.398645, 0.398700
{"status":"success"}Local, 0.004110, 0.004360, 0.000000, 0.004427, 0.000000, 0.395000, 0.395051
{"status":"success"}Local, 0.005032, 0.005262, 0.000000, 0.005311, 0.000000, 0.396092, 0.396135
{"status":"success"}Local, 0.005024, 0.005230, 0.000000, 0.005292, 0.000000, 0.395477, 0.395529
{"status":"success"}Local, 0.004217, 0.004446, 0.000000, 0.004488, 0.000000, 0.396039, 0.396090
{"status":"success"}Local, 0.004776, 0.005046, 0.000000, 0.005104, 0.000000, 0.402069, 0.402146
{"status":"success"}Local, 0.004539, 0.004744, 0.000000, 0.004786, 0.000000, 0.393286, 0.393336
{"status":"success"}Local, 0.004323, 0.004500, 0.000000, 0.004537, 0.000000, 0.393957, 0.394011
{"status":"success"}Local, 0.004492, 0.004700, 0.000000, 0.004752, 0.000000, 0.393871, 0.393928
{"status":"success"}Local, 0.005101, 0.005370, 0.000000, 0.005431, 0.000000, 0.396132, 0.396182
{"status":"success"}Local, 0.004636, 0.004807, 0.000000, 0.004847, 0.000000, 0.403457, 0.403495
{"status":"success"}Local, 0.004899, 0.005066, 0.000000, 0.005097, 0.000000, 0.394025, 0.394082
{"status":"success"}Local, 0.005061, 0.005252, 0.000000, 0.005295, 0.000000, 0.393830, 0.393888
{"status":"success"}Local, 0.004211, 0.004379, 0.000000, 0.004429, 0.000000, 0.394393, 0.394436
{"status":"success"}Local, 0.005258, 0.005484, 0.000000, 0.005528, 0.000000, 0.398858, 0.398923
{"status":"success"}Local, 0.004382, 0.004608, 0.000000, 0.004637, 0.000000, 0.394411, 0.394477
{"status":"success"}Local, 0.005099, 0.005283, 0.000000, 0.005339, 0.000000, 0.399463, 0.399528
{"status":"success"}Local, 0.004305, 0.004547, 0.000000, 0.004586, 0.000000, 0.395565, 0.395622
{"status":"success"}Local, 0.005086, 0.005283, 0.000000, 0.005324, 0.000000, 0.488935, 0.488991
{"status":"success"}Local, 0.005273, 0.005524, 0.000000, 0.005560, 0.000000, 0.396782, 0.396834
{"status":"success"}Local, 0.004378, 0.004831, 0.000000, 0.005812, 0.000000, 0.402614, 0.402711
{"status":"success"}Local, 0.004765, 0.004985, 0.000000, 0.005071, 0.000000, 0.393761, 0.393813
{"status":"success"}Local, 0.004905, 0.005118, 0.000000, 0.005156, 0.000000, 0.395857, 0.395911
{"status":"success"}Local, 0.005280, 0.005532, 0.000000, 0.005599, 0.000000, 0.395252, 0.395344
{"status":"success"}Local, 0.004172, 0.004437, 0.000000, 0.004501, 0.000000, 0.394337, 0.394392
{"status":"success"}Local, 0.004543, 0.004732, 0.000000, 0.004765, 0.000000, 0.393581, 0.393641
{"status":"success"}Local, 0.004872, 0.005102, 0.000000, 0.005142, 0.000000, 0.394049, 0.394098
{"status":"success"}Local, 0.005122, 0.005330, 0.000000, 0.005369, 0.000000, 0.394703, 0.394755
Local, 0.004311, 0.004554, 0.000000, 0.004590, 0.000000, 120.010127, 120.010145
{"status":"success"}Local, 0.004416, 0.004675, 0.000000, 0.004734, 0.000000, 0.397978, 0.398027
{"status":"success"}Local, 0.004820, 0.005309, 0.000000, 0.009268, 0.000000, 0.474576, 0.474650
{"status":"success"}Local, 0.004835, 0.005150, 0.000000, 0.005209, 0.000000, 0.399479, 0.399523
{"status":"success"}Local, 0.005109, 0.005239, 0.000000, 0.005273, 0.000000, 0.396409, 0.396457
{"status":"success"}Local, 0.004494, 0.004660, 0.000000, 0.004686, 0.000000, 0.396293, 0.396392
{"status":"success"}Local, 0.005093, 0.005284, 0.000000, 0.005327, 0.000000, 0.394987, 0.395078
{"status":"success"}Local, 0.005090, 0.005303, 0.000000, 0.005343, 0.000000, 0.400614, 0.400710
{"status":"success"}Local, 0.004808, 0.005274, 0.000000, 0.005317, 0.000000, 0.410850, 0.410904
{"status":"success"}Local, 0.004883, 0.005053, 0.000000, 0.005097, 0.000000, 0.398370, 0.398455
{"status":"success"}Local, 0.004291, 0.004484, 0.000000, 0.004511, 0.000000, 0.422130, 0.422165
{"status":"success"}Local, 0.005126, 0.005374, 0.000000, 0.005461, 0.000000, 0.368209, 0.368274
{"status":"success"}Local, 0.004443, 0.004655, 0.000000, 0.004694, 0.000000, 0.367166, 0.367246
{"status":"success"}Local, 0.004321, 0.004475, 0.000000, 0.004543, 0.000000, 0.365274, 0.365328
{"status":"success"}Local, 0.005136, 0.005322, 0.000000, 0.005348, 0.000000, 0.366729, 0.366781
{"status":"success"}Local, 0.004182, 0.004386, 0.000000, 0.004422, 0.000000, 0.365612, 0.365656
{"status":"success"}Local, 0.005105, 0.005263, 0.000000, 0.005307, 0.000000, 0.367453, 0.367511
{"status":"success"}Local, 0.005091, 0.005280, 0.000000, 0.005326, 0.000000, 0.365751, 0.365805
{"status":"success"}Local, 0.004621, 0.004843, 0.000000, 0.004889, 0.000000, 0.366562, 0.366637
{"status":"success"}Local, 0.004791, 0.005028, 0.000000, 0.005072, 0.000000, 0.368950, 0.369005
{"status":"success"}Local, 0.004171, 0.004379, 0.000000, 0.004415, 0.000000, 0.366081, 0.366153
{"status":"success"}Local, 0.004659, 0.004825, 0.000000, 0.004864, 0.000000, 0.370687, 0.370763
{"status":"success"}Local, 0.004201, 0.004388, 0.000000, 0.004442, 0.000000, 0.365748, 0.365813
{"status":"success"}Local, 0.004474, 0.004698, 0.000000, 0.004745, 0.000000, 0.367614, 0.367669
{"status":"success"}Local, 0.004329, 0.004570, 0.000000, 0.004621, 0.000000, 0.365964, 0.366017
{"status":"success"}Local, 0.004122, 0.004352, 0.000000, 0.004400, 0.000000, 0.368341, 0.368401
{"status":"success"}Local, 0.005138, 0.005308, 0.000000, 0.005346, 0.000000, 0.368797, 0.368869
{"status":"success"}Local, 0.004685, 0.004865, 0.000000, 0.004911, 0.000000, 0.365889, 0.365937
{"status":"success"}Local, 0.004347, 0.004819, 0.000000, 0.004880, 0.000000, 0.368098, 0.368154
{"status":"success"}Local, 0.005311, 0.005555, 0.000000, 0.005622, 0.000000, 0.366197, 0.366249
{"status":"success"}Local, 0.004210, 0.004408, 0.000000, 0.004460, 0.000000, 0.365137, 0.365179
{"status":"success"}Local, 0.004759, 0.004896, 0.000000, 0.004935, 0.000000, 0.366378, 0.366438
{"status":"success"}Local, 0.005113, 0.005313, 0.000000, 0.005370, 0.000000, 0.366585, 0.366663
{"status":"success"}Local, 0.004277, 0.004470, 0.000000, 0.004536, 0.000000, 0.368123, 0.368214
{"status":"success"}Local, 0.004385, 0.004635, 0.000000, 0.004694, 0.000000, 0.366380, 0.366478
{"status":"success"}Local, 0.004274, 0.004450, 0.000000, 0.004476, 0.000000, 0.368300, 0.368365
{"status":"success"}Local, 0.004706, 0.004865, 0.000000, 0.004900, 0.000000, 0.364916, 0.364994
{"status":"success"}Local, 0.004606, 0.004813, 0.000000, 0.004855, 0.000000, 0.365830, 0.365901
{"status":"success"}Local, 0.005159, 0.005342, 0.000000, 0.005380, 0.000000, 0.376301, 0.376340
{"status":"success"}Local, 0.004876, 0.005118, 0.000000, 0.005156, 0.000000, 0.377285, 0.377328
{"status":"success"}Local, 0.004359, 0.004598, 0.000000, 0.004660, 0.000000, 0.365940, 0.365995
{"status":"success"}Local, 0.005114, 0.005263, 0.000000, 0.005299, 0.000000, 0.366643, 0.366735
{"status":"success"}Local, 0.005144, 0.005327, 0.000000, 0.005369, 0.000000, 0.365775, 0.365875
{"status":"success"}Local, 0.004444, 0.004696, 0.000000, 0.004741, 0.000000, 0.368361, 0.368423
{"status":"success"}Local, 0.005189, 0.005430, 0.000000, 0.005483, 0.000000, 0.368399, 0.368447
{"status":"success"}Local, 0.005025, 0.005273, 0.000000, 0.005339, 0.000000, 0.368683, 0.368771
{"status":"success"}Local, 0.004275, 0.004513, 0.000000, 0.004566, 0.000000, 0.371145, 0.371195
{"status":"success"}Local, 0.004696, 0.004881, 0.000000, 0.004921, 0.000000, 0.369031, 0.369073
{"status":"success"}Local, 0.004129, 0.004289, 0.000000, 0.004332, 0.000000, 0.366993, 0.367051
{"status":"success"}Local, 0.004863, 0.005059, 0.000000, 0.005095, 0.000000, 0.367684, 0.367766
{"status":"success"}Local, 0.005076, 0.005252, 0.000000, 0.005289, 0.000000, 0.367609, 0.367662
{"status":"success"}Local, 0.004289, 0.004498, 0.000000, 0.004543, 0.000000, 0.364997, 0.365053
{"status":"success"}Local, 0.004114, 0.004477, 0.000000, 0.004705, 0.000000, 0.367222, 0.367271
{"status":"success"}Local, 0.004732, 0.004936, 0.000000, 0.004997, 0.000000, 0.365897, 0.365952
{"status":"success"}Local, 0.004197, 0.004392, 0.000000, 0.004427, 0.000000, 0.368171, 0.368256
{"status":"success"}Local, 0.004246, 0.004496, 0.000000, 0.004536, 0.000000, 0.368375, 0.368426
{"status":"success"}Local, 0.004773, 0.005036, 0.000000, 0.005080, 0.000000, 0.365312, 0.365395
{"status":"success"}Local, 0.005078, 0.005259, 0.000000, 0.005300, 0.000000, 0.367497, 0.367541
{"status":"success"}Local, 0.005136, 0.005357, 0.000000, 0.005435, 0.000000, 0.366288, 0.366339
{"status":"success"}Local, 0.004716, 0.005014, 0.000000, 0.005083, 0.000000, 0.367334, 0.367384
{"status":"success"}Local, 0.004631, 0.004962, 0.000000, 0.005029, 0.000000, 0.366894, 0.367004
{"status":"success"}Local, 0.004863, 0.005103, 0.000000, 0.005143, 0.000000, 0.369218, 0.369290
{"status":"success"}Local, 0.004118, 0.004316, 0.000000, 0.004357, 0.000000, 0.366296, 0.366385
{"status":"success"}Local, 0.004121, 0.004303, 0.000000, 0.004349, 0.000000, 0.365666, 0.365712
{"status":"success"}Local, 0.004161, 0.004320, 0.000000, 0.004343, 0.000000, 0.376938, 0.376990
{"status":"success"}Local, 0.004157, 0.004384, 0.000000, 0.004422, 0.000000, 0.365311, 0.365371
{"status":"success"}Local, 0.004637, 0.004823, 0.000000, 0.004848, 0.000000, 0.365889, 0.365946
{"status":"success"}Local, 0.004167, 0.004388, 0.000000, 0.004425, 0.000000, 0.369507, 0.369561
{"status":"success"}Local, 0.004910, 0.005131, 0.000000, 0.005177, 0.000000, 0.366316, 0.366372
{"status":"success"}Local, 0.004363, 0.004583, 0.000000, 0.004615, 0.000000, 0.367196, 0.367306
{"status":"success"}Local, 0.005144, 0.005303, 0.000000, 0.005343, 0.000000, 0.366148, 0.366199
{"status":"success"}Local, 0.004783, 0.004994, 0.000000, 0.005021, 0.000000, 0.367368, 0.367422
{"status":"success"}Local, 0.004586, 0.004758, 0.000000, 0.004800, 0.000000, 0.365766, 0.365820
{"status":"success"}Local, 0.004340, 0.004522, 0.000000, 0.004562, 0.000000, 0.365617, 0.365666
{"status":"success"}Local, 0.005291, 0.005562, 0.000000, 0.005619, 0.000000, 0.367711, 0.367760
{"status":"success"}Local, 0.004399, 0.004644, 0.000000, 0.004685, 0.000000, 0.366298, 0.366354
{"status":"success"}Local, 0.004119, 0.004308, 0.000000, 0.004334, 0.000000, 0.369454, 0.369554
{"status":"success"}Local, 0.005121, 0.005304, 0.000000, 0.005350, 0.000000, 0.366009, 0.366092
{"status":"success"}Local, 0.004433, 0.004674, 0.000000, 0.004733, 0.000000, 0.366750, 0.366817
{"status":"success"}Local, 0.004410, 0.004643, 0.000000, 0.004680, 0.000000, 0.366850, 0.366898
{"status":"success"}Local, 0.005032, 0.005258, 0.000000, 0.005296, 0.000000, 0.368016, 0.368071
{"status":"success"}Local, 0.004910, 0.005167, 0.000000, 0.005210, 0.000000, 0.366260, 0.366319
{"status":"success"}Local, 0.004536, 0.004748, 0.000000, 0.004809, 0.000000, 0.366575, 0.366644
{"status":"success"}Local, 0.004836, 0.005017, 0.000000, 0.005072, 0.000000, 0.366123, 0.366216
{"status":"success"}Local, 0.004438, 0.004701, 0.000000, 0.004751, 0.000000, 0.366958, 0.366998
{"status":"success"}Local, 0.004326, 0.004587, 0.000000, 0.004650, 0.000000, 0.366914, 0.366968
{"status":"success"}Local, 0.004406, 0.004593, 0.000000, 0.004640, 0.000000, 0.365536, 0.365583
{"status":"success"}Local, 0.004287, 0.004476, 0.000000, 0.004512, 0.000000, 0.366204, 0.366293
{"status":"success"}Local, 0.004340, 0.004548, 0.000000, 0.004585, 0.000000, 0.376132, 0.376173
{"status":"success"}Local, 0.004174, 0.004367, 0.000000, 0.004396, 0.000000, 0.366879, 0.366937
{"status":"success"}Local, 0.004610, 0.004865, 0.000000, 0.004907, 0.000000, 0.366144, 0.366187
{"status":"success"}Local, 0.004180, 0.004425, 0.000000, 0.004481, 0.000000, 0.364924, 0.364966
{"status":"success"}Local, 0.004826, 0.005023, 0.000000, 0.005070, 0.000000, 0.370231, 0.370291
{"status":"success"}Local, 0.004190, 0.004423, 0.000000, 0.004494, 0.000000, 0.367491, 0.367541
{"status":"success"}Local, 0.004706, 0.004968, 0.000000, 0.005008, 0.000000, 0.365191, 0.365255
{"status":"success"}Local, 0.005163, 0.005414, 0.000000, 0.005455, 0.000000, 0.368508, 0.368562
{"status":"success"}Local, 0.005190, 0.005444, 0.000000, 0.005504, 0.000000, 0.365379, 0.365446
{"status":"success"}Local, 0.004648, 0.004886, 0.000000, 0.004954, 0.000000, 0.366073, 0.366122
{"status":"success"}Local, 0.004516, 0.004724, 0.000000, 0.004778, 0.000000, 0.366257, 0.366318
{"status":"success"}Local, 0.004983, 0.005269, 0.000000, 0.005336, 0.000000, 0.371439, 0.371564
{"status":"success"}Local, 0.004976, 0.005234, 0.000000, 0.005276, 0.000000, 0.368749, 0.368795
{"status":"success"}Local, 0.004814, 0.005066, 0.000000, 0.005120, 0.000000, 0.366335, 0.366388
{"status":"success"}Local, 0.004821, 0.005067, 0.000000, 0.005108, 0.000000, 0.366442, 0.366522
{"status":"success"}Local, 0.004912, 0.005094, 0.000000, 0.005160, 0.000000, 0.365836, 0.365879
{"status":"success"}Local, 0.004215, 0.004409, 0.000000, 0.004436, 0.000000, 0.367326, 0.367380
{"status":"success"}Local, 0.004223, 0.004424, 0.000000, 0.004454, 0.000000, 0.366370, 0.366449
{"status":"success"}Local, 0.004369, 0.004659, 0.000000, 0.004706, 0.000000, 0.364722, 0.364773
{"status":"success"}Local, 0.004571, 0.004784, 0.000000, 0.004828, 0.000000, 0.368272, 0.368368
{"status":"success"}Local, 0.004426, 0.004621, 0.000000, 0.004659, 0.000000, 0.366020, 0.366064
{"status":"success"}Local, 0.004439, 0.004713, 0.000000, 0.004769, 0.000000, 0.370399, 0.370454
{"status":"success"}Local, 0.005302, 0.005557, 0.000000, 0.005601, 0.000000, 0.459592, 0.459646
{"status":"success"}Local, 0.004782, 0.004952, 0.000000, 0.005010, 0.000000, 0.456721, 0.456806
{"status":"success"}Local, 0.005081, 0.005297, 0.000000, 0.005337, 0.000000, 0.460086, 0.460133
{"status":"success"}Local, 0.004497, 0.004668, 0.000000, 0.004710, 0.000000, 0.456594, 0.456650
{"status":"success"}Local, 0.004228, 0.004494, 0.000000, 0.004558, 0.000000, 0.472560, 0.472617
{"status":"success"}Local, 0.005186, 0.005437, 0.000000, 0.005480, 0.000000, 0.456191, 0.456248
{"status":"success"}Local, 0.004918, 0.005180, 0.000000, 0.005222, 0.000000, 0.459275, 0.459325
{"status":"success"}Local, 0.004362, 0.004649, 0.000000, 0.004703, 0.000000, 0.455790, 0.455874
{"status":"success"}Local, 0.005150, 0.005307, 0.000000, 0.005351, 0.000000, 0.457365, 0.457442
{"status":"success"}Local, 0.005055, 0.005323, 0.000000, 0.005365, 0.000000, 0.456236, 0.456308
{"status":"success"}Local, 0.004485, 0.004862, 0.000000, 0.004917, 0.000000, 0.455992, 0.456042
{"status":"success"}Local, 0.004132, 0.004321, 0.000000, 0.004367, 0.000000, 0.398142, 0.398175
{"status":"success"}Local, 0.005155, 0.005330, 0.000000, 0.005371, 0.000000, 0.391846, 0.391915
{"status":"success"}Local, 0.005121, 0.005272, 0.000000, 0.005300, 0.000000, 0.373913, 0.373967
{"status":"success"}Local, 0.004986, 0.005248, 0.000000, 0.005295, 0.000000, 0.371595, 0.371644
{"status":"success"}Local, 0.005106, 0.005272, 0.000000, 0.005319, 0.000000, 0.371475, 0.371526
{"status":"success"}Local, 0.004160, 0.004357, 0.000000, 0.004384, 0.000000, 0.373651, 0.373747
{"status":"success"}Local, 0.005134, 0.005371, 0.000000, 0.005409, 0.000000, 0.373912, 0.373954
{"status":"success"}Local, 0.005066, 0.005209, 0.000000, 0.005240, 0.000000, 0.372484, 0.372587
{"status":"success"}Local, 0.005049, 0.005236, 0.000000, 0.005277, 0.000000, 0.370752, 0.370807
{"status":"success"}Local, 0.005117, 0.005293, 0.000000, 0.005362, 0.000000, 0.373745, 0.373814
{"status":"success"}Local, 0.004316, 0.004595, 0.000000, 0.004652, 0.000000, 0.371734, 0.371779
{"status":"success"}Local, 0.004910, 0.005064, 0.000000, 0.005116, 0.000000, 0.372571, 0.372652
{"status":"success"}Local, 0.005127, 0.005304, 0.000000, 0.005354, 0.000000, 0.370751, 0.370808
{"status":"success"}Local, 0.004224, 0.004439, 0.000000, 0.004478, 0.000000, 0.374348, 0.374419
{"status":"success"}Local, 0.004560, 0.004836, 0.000000, 0.004882, 0.000000, 0.371089, 0.371136
{"status":"success"}Local, 0.004385, 0.004662, 0.000000, 0.004725, 0.000000, 0.373316, 0.373365
{"status":"success"}Local, 0.005018, 0.005296, 0.000000, 0.005383, 0.000000, 0.374091, 0.374137
{"status":"success"}Local, 0.004512, 0.004670, 0.000000, 0.004727, 0.000000, 0.370707, 0.370765
{"status":"success"}Local, 0.005115, 0.005288, 0.000000, 0.005328, 0.000000, 0.381997, 0.382056
{"status":"success"}Local, 0.005147, 0.005412, 0.000000, 0.005472, 0.000000, 0.374143, 0.374191
{"status":"success"}Local, 0.004333, 0.004520, 0.000000, 0.004559, 0.000000, 0.370597, 0.370652
{"status":"success"}Local, 0.004642, 0.004859, 0.000000, 0.004898, 0.000000, 0.370759, 0.370814
{"status":"success"}Local, 0.004805, 0.005034, 0.000000, 0.005069, 0.000000, 0.372017, 0.372067
{"status":"success"}Local, 0.014057, 0.014289, 0.000000, 0.014344, 0.000000, 0.383105, 0.383166
{"status":"success"}Local, 0.012479, 0.012954, 0.000000, 0.013047, 0.000000, 0.384965, 0.385015
{"status":"success"}Local, 0.004681, 0.005020, 0.000000, 0.005329, 0.000000, 0.371954, 0.372002
{"status":"success"}Local, 0.004498, 0.004721, 0.000000, 0.004762, 0.000000, 0.371057, 0.371099
{"status":"success"}Local, 0.004999, 0.005249, 0.000000, 0.005289, 0.000000, 0.375297, 0.375385
{"status":"success"}Local, 0.004432, 0.004692, 0.000000, 0.004742, 0.000000, 0.436522, 0.436574
{"status":"success"}Local, 0.005714, 0.006200, 0.000000, 0.006647, 0.000000, 0.371079, 0.371132
{"status":"success"}Local, 0.031952, 0.032232, 0.000000, 0.032311, 0.000000, 0.398848, 0.398898
{"status":"success"}Local, 0.004319, 0.004568, 0.000000, 0.004604, 0.000000, 0.378926, 0.378980
{"status":"success"}Local, 0.005101, 0.005269, 0.000000, 0.005300, 0.000000, 0.370706, 0.370787
{"status":"success"}Local, 0.004415, 0.004610, 0.000000, 0.004694, 0.000000, 0.371016, 0.371393
{"status":"success"}Local, 0.005100, 0.005293, 0.000000, 0.005333, 0.000000, 0.376178, 0.376331
{"status":"success"}Local, 0.004225, 0.004422, 0.000000, 0.004469, 0.000000, 0.383266, 0.383316
{"status":"success"}Local, 0.012788, 0.013044, 0.000000, 0.013085, 0.000000, 0.388012, 0.388066
{"status":"success"}Local, 0.004632, 0.004806, 0.000000, 0.004839, 0.000000, 0.372808, 0.372926
{"status":"success"}Local, 0.004460, 0.004735, 0.000000, 0.004802, 0.000000, 0.371193, 0.371235
{"status":"success"}Local, 0.004461, 0.004681, 0.000000, 0.004718, 0.000000, 0.373960, 0.374017
{"status":"success"}Local, 0.004751, 0.005046, 0.000000, 0.005127, 0.000000, 0.373758, 0.373813
{"status":"success"}Local, 0.004258, 0.004458, 0.000000, 0.004497, 0.000000, 0.372787, 0.372869
{"status":"success"}Local, 0.005047, 0.005322, 0.000000, 0.005389, 0.000000, 0.372539, 0.372596
{"status":"success"}Local, 0.004314, 0.004506, 0.000000, 0.004534, 0.000000, 0.372970, 0.373026
{"status":"success"}Local, 0.005323, 0.005568, 0.000000, 0.005605, 0.000000, 0.372728, 0.372790
{"status":"success"}Local, 0.004902, 0.005125, 0.000000, 0.005166, 0.000000, 0.374299, 0.374389
{"status":"success"}Local, 0.004134, 0.004348, 0.000000, 0.004393, 0.000000, 0.369893, 0.369942
{"status":"success"}Local, 0.004841, 0.005119, 0.000000, 0.005187, 0.000000, 0.373288, 0.373342
{"status":"success"}Local, 0.004748, 0.005018, 0.000000, 0.005090, 0.000000, 0.372886, 0.372940
{"status":"success"}Local, 0.005045, 0.005248, 0.000000, 0.005308, 0.000000, 0.375586, 0.375639
{"status":"success"}Local, 0.004375, 0.004571, 0.000000, 0.004613, 0.000000, 0.372039, 0.372101
{"status":"success"}Local, 0.005138, 0.005389, 0.000000, 0.005438, 0.000000, 0.372814, 0.372868
{"status":"success"}Local, 0.004989, 0.005250, 0.000000, 0.005318, 0.000000, 0.374927, 0.374981
{"status":"success"}Local, 0.004377, 0.004667, 0.000000, 0.004734, 0.000000, 0.375132, 0.375186
{"status":"success"}Local, 0.005286, 0.005540, 0.000000, 0.005606, 0.000000, 0.372167, 0.372206
{"status":"success"}Local, 0.004158, 0.004372, 0.000000, 0.004405, 0.000000, 0.369320, 0.369383
{"status":"success"}Local, 0.005047, 0.005239, 0.000000, 0.005273, 0.000000, 0.388272, 0.388327
{"status":"success"}Local, 0.004911, 0.005132, 0.000000, 0.005166, 0.000000, 0.372234, 0.372284
{"status":"success"}Local, 0.004247, 0.004440, 0.000000, 0.004478, 0.000000, 0.370844, 0.370898
{"status":"success"}Local, 0.004127, 0.004281, 0.000000, 0.004317, 0.000000, 0.369158, 0.369225
{"status":"success"}Local, 0.005063, 0.005269, 0.000000, 0.005321, 0.000000, 0.372660, 0.372732
{"status":"success"}Local, 0.005155, 0.005373, 0.000000, 0.005419, 0.000000, 0.371674, 0.371721
{"status":"success"}Local, 0.004562, 0.004817, 0.000000, 0.004884, 0.000000, 0.371890, 0.371967
{"status":"success"}Local, 0.005036, 0.005285, 0.000000, 0.005325, 0.000000, 0.374009, 0.374064
{"status":"success"}Local, 0.005121, 0.005392, 0.000000, 0.005464, 0.000000, 0.370865, 0.370919
{"status":"success"}Local, 0.005122, 0.005327, 0.000000, 0.005380, 0.000000, 0.406902, 0.406943
{"status":"success"}Local, 0.005130, 0.005336, 0.000000, 0.005386, 0.000000, 0.372377, 0.372459
{"status":"success"}Local, 0.004830, 0.005054, 0.000000, 0.005097, 0.000000, 0.373560, 0.373618
{"status":"success"}Local, 0.004797, 0.005123, 0.000000, 0.005199, 0.000000, 0.430193, 0.430242
{"status":"success"}Local, 0.005081, 0.005314, 0.000000, 0.005367, 0.000000, 0.379209, 0.379344
{"status":"success"}Local, 0.004199, 0.004408, 0.000000, 0.004447, 0.000000, 0.376247, 0.376325
{"status":"success"}Local, 0.004742, 0.004956, 0.000000, 0.004998, 0.000000, 0.375778, 0.375842
{"status":"success"}Local, 0.005303, 0.005620, 0.000000, 0.005690, 0.000000, 0.372374, 0.372427
{"status":"success"}Local, 0.004238, 0.004511, 0.000000, 0.004580, 0.000000, 0.372868, 0.372913
{"status":"success"}Local, 0.005148, 0.005490, 0.000000, 0.005529, 0.000000, 0.374651, 0.374740
{"status":"success"}Local, 0.004868, 0.005114, 0.000000, 0.005163, 0.000000, 0.370654, 0.370702
{"status":"success"}Local, 0.004485, 0.004664, 0.000000, 0.004708, 0.000000, 0.371726, 0.371807
{"status":"success"}Local, 0.005174, 0.005431, 0.000000, 0.005469, 0.000000, 0.373048, 0.373105
{"status":"success"}Local, 0.004533, 0.004806, 0.000000, 0.004849, 0.000000, 0.370684, 0.370758
{"status":"success"}Local, 0.005107, 0.005329, 0.000000, 0.005393, 0.000000, 0.374725, 0.374771
{"status":"success"}Local, 0.004147, 0.004375, 0.000000, 0.004439, 0.000000, 0.370496, 0.370549
{"status":"success"}Local, 0.004565, 0.004789, 0.000000, 0.004838, 0.000000, 0.375191, 0.375266
{"status":"success"}Local, 0.004833, 0.005102, 0.000000, 0.005225, 0.000000, 0.380535, 0.380626
{"status":"success"}Local, 0.005172, 0.005410, 0.000000, 0.005448, 0.000000, 0.374133, 0.374168
{"status":"success"}Local, 0.004887, 0.005102, 0.000000, 0.005156, 0.000000, 0.372228, 0.372278
{"status":"success"}Local, 0.004084, 0.004265, 0.000000, 0.004328, 0.000000, 0.370624, 0.370673
{"status":"success"}Local, 0.005017, 0.005219, 0.000000, 0.005260, 0.000000, 0.374548, 0.374589
{"status":"success"}Local, 0.005015, 0.005276, 0.000000, 0.005321, 0.000000, 0.375485, 0.375568
{"status":"success"}Local, 0.005279, 0.005543, 0.000000, 0.005584, 0.000000, 0.404717, 0.404757
{"status":"success"}Local, 0.004893, 0.005082, 0.000000, 0.005114, 0.000000, 0.407111, 0.407168
{"status":"success"}Local, 0.004161, 0.004346, 0.000000, 0.004388, 0.000000, 0.385667, 0.385729
{"status":"success"}Local, 0.005129, 0.005339, 0.000000, 0.005381, 0.000000, 0.375131, 0.375257
{"status":"success"}Local, 0.005341, 0.005705, 0.000000, 0.005821, 0.000000, 0.372201, 0.372255
{"status":"success"}Local, 0.004759, 0.005004, 0.000000, 0.005070, 0.000000, 0.374441, 0.374487
{"status":"success"}Local, 0.005092, 0.005345, 0.000000, 0.005384, 0.000000, 0.371485, 0.371573
{"status":"success"}Local, 0.005142, 0.005393, 0.000000, 0.005451, 0.000000, 0.373307, 0.373397
{"status":"success"}Local, 0.004993, 0.005302, 0.000000, 0.005355, 0.000000, 0.372437, 0.372489
{"status":"success"}Local, 0.005195, 0.005423, 0.000000, 0.005464, 0.000000, 0.373863, 0.373950
{"status":"success"}Local, 0.005069, 0.005317, 0.000000, 0.005355, 0.000000, 0.371469, 0.371504
{"status":"success"}Local, 0.004341, 0.004501, 0.000000, 0.004530, 0.000000, 0.370811, 0.370866
{"status":"success"}Local, 0.004951, 0.005210, 0.000000, 0.005277, 0.000000, 0.466539, 0.466591
{"status":"success"}Local, 0.004809, 0.004990, 0.000000, 0.005029, 0.000000, 0.465222, 0.465294
{"status":"success"}Local, 0.004173, 0.004426, 0.000000, 0.004466, 0.000000, 0.464362, 0.464413
{"status":"success"}Local, 0.004443, 0.004620, 0.000000, 0.004659, 0.000000, 0.462533, 0.462594
{"status":"success"}Local, 0.005022, 0.005205, 0.000000, 0.005247, 0.000000, 0.475623, 0.475715
{"status":"success"}Local, 0.004692, 0.004977, 0.000000, 0.005039, 0.000000, 0.467895, 0.467948
{"status":"success"}Local, 0.004808, 0.005051, 0.000000, 0.005089, 0.000000, 0.466866, 0.466912
{"status":"success"}Local, 0.005304, 0.005619, 0.000000, 0.005683, 0.000000, 0.465261, 0.465332
{"status":"success"}Local, 0.004359, 0.004536, 0.000000, 0.004586, 0.000000, 0.470536, 0.470584
{"status":"success"}Local, 0.004220, 0.004442, 0.000000, 0.004489, 0.000000, 0.462480, 0.462568
{"status":"success"}Local, 0.004118, 0.004373, 0.000000, 0.004410, 0.000000, 0.463473, 0.463523
{"status":"success"}Local, 0.004731, 0.004951, 0.000000, 0.004986, 0.000000, 0.464675, 0.464726
{"status":"success"}Local, 0.004937, 0.005090, 0.000000, 0.005120, 0.000000, 0.464118, 0.464175
{"status":"success"}Local, 0.004547, 0.004776, 0.000000, 0.004814, 0.000000, 0.464771, 0.464821
{"status":"success"}Local, 0.004395, 0.004574, 0.000000, 0.004613, 0.000000, 0.461939, 0.462023
{"status":"success"}Local, 0.004602, 0.004858, 0.000000, 0.004926, 0.000000, 0.461657, 0.461714
{"status":"success"}Local, 0.004998, 0.005191, 0.000000, 0.005232, 0.000000, 0.463358, 0.463441
{"status":"success"}Local, 0.005125, 0.005301, 0.000000, 0.005337, 0.000000, 0.462992, 0.463044
{"status":"success"}Local, 0.004491, 0.004680, 0.000000, 0.004723, 0.000000, 0.476159, 0.476204
{"status":"success"}Local, 0.004742, 0.004997, 0.000000, 0.005034, 0.000000, 0.463206, 0.463249
{"status":"success"}Local, 0.004544, 0.004788, 0.000000, 0.004822, 0.000000, 0.475960, 0.476076
{"status":"success"}Local, 0.004450, 0.004663, 0.000000, 0.004704, 0.000000, 0.464371, 0.464438
{"status":"success"}Local, 0.004720, 0.004952, 0.000000, 0.004995, 0.000000, 0.464690, 0.464745
{"status":"success"}Local, 0.004521, 0.004763, 0.000000, 0.004825, 0.000000, 0.463666, 0.463722
{"status":"success"}Local, 0.004346, 0.004515, 0.000000, 0.004547, 0.000000, 0.463004, 0.463106
{"status":"success"}Local, 0.005064, 0.005262, 0.000000, 0.005338, 0.000000, 0.462624, 0.462683
{"status":"success"}Local, 0.004310, 0.004474, 0.000000, 0.004517, 0.000000, 0.463987, 0.464037
{"status":"success"}Local, 0.004996, 0.005599, 0.000000, 0.005679, 0.000000, 0.465003, 0.465114
{"status":"success"}Local, 0.005279, 0.005499, 0.000000, 0.005539, 0.000000, 0.464547, 0.464582
{"status":"success"}Local, 0.004922, 0.005098, 0.000000, 0.005136, 0.000000, 0.462624, 0.462685
{"status":"success"}Local, 0.005127, 0.005329, 0.000000, 0.005390, 0.000000, 0.462552, 0.462632
{"status":"success"}Local, 0.005137, 0.005324, 0.000000, 0.005362, 0.000000, 0.465529, 0.465601
{"status":"success"}Local, 0.004866, 0.005037, 0.000000, 0.005062, 0.000000, 0.478140, 0.478220
{"status":"success"}Local, 0.004456, 0.004622, 0.000000, 0.004653, 0.000000, 0.462503, 0.462592
{"status":"success"}Local, 0.004349, 0.004544, 0.000000, 0.004579, 0.000000, 0.463073, 0.463117
{"status":"success"}Local, 0.004962, 0.005173, 0.000000, 0.005224, 0.000000, 0.462659, 0.462747
{"status":"success"}Local, 0.005034, 0.005299, 0.000000, 0.005356, 0.000000, 0.492317, 0.492377
{"status":"success"}Local, 0.005102, 0.005450, 0.000000, 0.005491, 0.000000, 0.469152, 0.469224
{"status":"success"}Local, 0.005054, 0.005218, 0.000000, 0.005276, 0.000000, 0.465266, 0.465350
{"status":"success"}Local, 0.004674, 0.004892, 0.000000, 0.004947, 0.000000, 0.461472, 0.461523
{"status":"success"}Local, 0.005226, 0.005422, 0.000000, 0.005451, 0.000000, 0.511627, 0.511681
{"status":"success"}Local, 0.005236, 0.005497, 0.000000, 0.005559, 0.000000, 0.462682, 0.462731
{"status":"success"}Local, 0.004270, 0.004454, 0.000000, 0.004518, 0.000000, 0.462336, 0.462387
{"status":"success"}Local, 0.005249, 0.005453, 0.000000, 0.005502, 0.000000, 0.465905, 0.465959
{"status":"success"}Local, 0.005163, 0.005545, 0.000000, 0.005582, 0.000000, 0.463907, 0.463957
{"status":"success"}Local, 0.005281, 0.005507, 0.000000, 0.005570, 0.000000, 0.462218, 0.462287
{"status":"success"}Local, 0.004262, 0.004530, 0.000000, 0.004569, 0.000000, 0.473414, 0.473471
{"status":"success"}Local, 0.004948, 0.005173, 0.000000, 0.005216, 0.000000, 0.461903, 0.461946
{"status":"success"}Local, 0.005087, 0.005307, 0.000000, 0.005343, 0.000000, 0.465235, 0.465287
{"status":"success"}Local, 0.004352, 0.004518, 0.000000, 0.004545, 0.000000, 0.463109, 0.463156
{"status":"success"}Local, 0.004474, 0.004661, 0.000000, 0.004704, 0.000000, 0.465566, 0.465626
{"status":"success"}Local, 0.005066, 0.005261, 0.000000, 0.005303, 0.000000, 0.468936, 0.469014
{"status":"success"}Local, 0.005130, 0.005348, 0.000000, 0.005398, 0.000000, 0.465492, 0.465540
{"status":"success"}Local, 0.005166, 0.005334, 0.000000, 0.005368, 0.000000, 0.466309, 0.466352
{"status":"success"}Local, 0.004195, 0.004374, 0.000000, 0.004431, 0.000000, 0.460837, 0.460902
{"status":"success"}Local, 0.005118, 0.005342, 0.000000, 0.005392, 0.000000, 0.463796, 0.463890
{"status":"success"}Local, 0.004199, 0.004375, 0.000000, 0.004412, 0.000000, 0.462552, 0.462648
{"status":"success"}Local, 0.005178, 0.005457, 0.000000, 0.005522, 0.000000, 0.464019, 0.464091
{"status":"success"}Local, 0.004974, 0.005152, 0.000000, 0.005207, 0.000000, 0.466866, 0.466988
{"status":"success"}Local, 0.004736, 0.004914, 0.000000, 0.004948, 0.000000, 0.464329, 0.464379
{"status":"success"}Local, 0.004278, 0.004493, 0.000000, 0.004534, 0.000000, 0.465207, 0.465259
{"status":"success"}Local, 0.004163, 0.004415, 0.000000, 0.004473, 0.000000, 0.486997, 0.487036
{"status":"success"}Local, 0.005288, 0.005525, 0.000000, 0.005563, 0.000000, 0.462551, 0.462599
{"status":"success"}Local, 0.005119, 0.005293, 0.000000, 0.005335, 0.000000, 0.462732, 0.462811
{"status":"success"}Local, 0.004205, 0.004397, 0.000000, 0.004445, 0.000000, 0.461196, 0.461269
{"status":"success"}Local, 0.004766, 0.004945, 0.000000, 0.004971, 0.000000, 0.467593, 0.467664
{"status":"success"}Local, 0.005313, 0.005554, 0.000000, 0.005592, 0.000000, 0.464721, 0.464793
{"status":"success"}Local, 0.004147, 0.004290, 0.000000, 0.004327, 0.000000, 0.460639, 0.460688
{"status":"success"}Local, 0.004133, 0.004340, 0.000000, 0.004406, 0.000000, 0.462993, 0.463073
{"status":"success"}Local, 0.005101, 0.005289, 0.000000, 0.005325, 0.000000, 0.467256, 0.467347
{"status":"success"}Local, 0.004521, 0.004731, 0.000000, 0.004776, 0.000000, 0.462756, 0.462798
{"status":"success"}Local, 0.004269, 0.004461, 0.000000, 0.004491, 0.000000, 0.462755, 0.462846
{"status":"success"}Local, 0.004675, 0.004915, 0.000000, 0.004975, 0.000000, 0.464928, 0.465004
{"status":"success"}Local, 0.005156, 0.005405, 0.000000, 0.005469, 0.000000, 0.466275, 0.466340
{"status":"success"}Local, 0.004732, 0.004900, 0.000000, 0.004945, 0.000000, 0.468549, 0.468620
{"status":"success"}Local, 0.004985, 0.005170, 0.000000, 0.005194, 0.000000, 0.461582, 0.461643
{"status":"success"}Local, 0.004314, 0.004762, 0.000000, 0.004797, 0.000000, 0.465021, 0.469144
{"status":"success"}Local, 0.004508, 0.004731, 0.000000, 0.004767, 0.000000, 0.465826, 0.465900
{"status":"success"}Local, 0.004388, 0.004624, 0.000000, 0.004671, 0.000000, 0.466747, 0.466791
{"status":"success"}Local, 0.005324, 0.005536, 0.000000, 0.005568, 0.000000, 0.463256, 0.463320
{"status":"success"}Local, 0.005134, 0.005321, 0.000000, 0.005366, 0.000000, 0.466119, 0.466163
{"status":"success"}Local, 0.004949, 0.005153, 0.000000, 0.005187, 0.000000, 0.466353, 0.466516
{"status":"success"}Local, 0.005177, 0.005386, 0.000000, 0.005421, 0.000000, 0.464336, 0.464388
{"status":"success"}Local, 0.004146, 0.004323, 0.000000, 0.004362, 0.000000, 0.461165, 0.461224
{"status":"success"}Local, 0.004104, 0.004293, 0.000000, 0.004356, 0.000000, 0.462936, 0.462971
{"status":"success"}Local, 0.005087, 0.005266, 0.000000, 0.005300, 0.000000, 0.465954, 0.465998
{"status":"success"}Local, 0.004374, 0.004632, 0.000000, 0.004674, 0.000000, 0.462628, 0.462682
{"status":"success"}Local, 0.004457, 0.004717, 0.000000, 0.004769, 0.000000, 0.461381, 0.461462
{"status":"success"}Local, 0.004104, 0.004315, 0.000000, 0.004358, 0.000000, 0.464400, 0.464526
{"status":"success"}Local, 0.005010, 0.005204, 0.000000, 0.005243, 0.000000, 0.468925, 0.469002
{"status":"success"}Local, 0.004489, 0.004996, 0.000000, 0.005110, 0.000000, 0.470400, 0.470454
{"status":"success"}Local, 0.004312, 0.004487, 0.000000, 0.004529, 0.000000, 0.468783, 0.468832
{"status":"success"}Local, 0.004793, 0.005035, 0.000000, 0.005087, 0.000000, 0.468268, 0.468319
{"status":"success"}Local, 0.005083, 0.005302, 0.000000, 0.005345, 0.000000, 0.474384, 0.474468
{"status":"success"}Local, 0.004801, 0.005060, 0.000000, 0.005104, 0.000000, 0.463034, 0.463128
{"status":"success"}Local, 0.005169, 0.005379, 0.000000, 0.005412, 0.000000, 0.464831, 0.464888
{"status":"success"}Local, 0.004171, 0.004322, 0.000000, 0.004352, 0.000000, 0.466415, 0.466474
{"status":"success"}Local, 0.005060, 0.005267, 0.000000, 0.005304, 0.000000, 0.461708, 0.461753
{"status":"success"}Local, 0.004584, 0.004840, 0.000000, 0.004889, 0.000000, 0.465041, 0.465095
{"status":"success"}Local, 0.004516, 0.004699, 0.000000, 0.004725, 0.000000, 0.463456, 0.463540
{"status":"success"}Local, 0.005269, 0.005522, 0.000000, 0.005587, 0.000000, 0.463791, 0.463895
{"status":"success"}Local, 0.004497, 0.004668, 0.000000, 0.004708, 0.000000, 0.462982, 0.463026
{"status":"success"}Local, 0.004618, 0.004837, 0.000000, 0.004888, 0.000000, 0.469502, 0.469598
{"status":"success"}Local, 0.004377, 0.004620, 0.000000, 0.004665, 0.000000, 0.566902, 0.567001
{"status":"success"}Local, 0.004268, 0.004426, 0.000000, 0.004466, 0.000000, 0.460357, 0.460427
{"status":"success"}Local, 0.004201, 0.004445, 0.000000, 0.004493, 0.000000, 0.472941, 0.472992
{"status":"success"}Local, 0.005135, 0.005418, 0.000000, 0.005484, 0.000000, 0.466117, 0.466172
{"status":"success"}Local, 0.005140, 0.005334, 0.000000, 0.005362, 0.000000, 0.465915, 0.465968
{"status":"success"}Local, 0.004163, 0.004381, 0.000000, 0.004419, 0.000000, 0.462731, 0.462807
{"status":"success"}Local, 0.004689, 0.004875, 0.000000, 0.004913, 0.000000, 0.464392, 0.464448
{"status":"success"}Local, 0.004335, 0.004602, 0.000000, 0.004670, 0.000000, 0.463333, 0.463383
{"status":"success"}Local, 0.004514, 0.004820, 0.000000, 0.004891, 0.000000, 0.462186, 0.462236
{"status":"success"}Local, 0.004903, 0.005157, 0.000000, 0.005218, 0.000000, 0.465368, 0.465417
{"status":"success"}Local, 0.005061, 0.005263, 0.000000, 0.005300, 0.000000, 0.464387, 0.464444
{"status":"success"}Local, 0.004203, 0.004455, 0.000000, 0.004564, 0.000000, 0.486349, 0.486415
{"status":"success"}Local, 0.004168, 0.004358, 0.000000, 0.004396, 0.000000, 0.462410, 0.462483
{"status":"success"}Local, 0.004435, 0.004813, 0.000000, 0.004952, 0.000000, 0.463297, 0.463346
{"status":"success"}Local, 0.004630, 0.004870, 0.000000, 0.004908, 0.000000, 0.462931, 0.462973
{"status":"success"}Local, 0.004554, 0.004748, 0.000000, 0.004799, 0.000000, 0.464228, 0.464318
{"status":"success"}Local, 0.004355, 0.004528, 0.000000, 0.004569, 0.000000, 0.475096, 0.475148
{"status":"success"}Local, 0.004395, 0.004689, 0.000000, 0.004749, 0.000000, 0.462576, 0.462638
{"status":"success"}Local, 0.004368, 0.004634, 0.000000, 0.004687, 0.000000, 0.462538, 0.462587
{"status":"success"}Local, 0.004486, 0.004717, 0.000000, 0.004811, 0.000000, 0.493086, 0.493123
{"status":"success"}Local, 0.004280, 0.004471, 0.000000, 0.004515, 0.000000, 0.373501, 0.373618
{"status":"success"}Local, 0.004793, 0.005014, 0.000000, 0.005063, 0.000000, 0.374521, 0.374565
{"status":"success"}Local, 0.005127, 0.005340, 0.000000, 0.005380, 0.000000, 0.373302, 0.373362
{"status":"success"}Local, 0.004954, 0.005152, 0.000000, 0.005230, 0.000000, 0.375227, 0.375269
{"status":"success"}Local, 0.005186, 0.005407, 0.000000, 0.005449, 0.000000, 0.374783, 0.374837
{"status":"success"}Local, 0.004709, 0.004957, 0.000000, 0.005085, 0.000000, 0.375480, 0.375565
{"status":"success"}Local, 0.004842, 0.005061, 0.000000, 0.005088, 0.000000, 0.375280, 0.375327
{"status":"success"}Local, 0.005178, 0.005383, 0.000000, 0.005413, 0.000000, 0.375502, 0.375551
{"status":"success"}Local, 0.004285, 0.004459, 0.000000, 0.004496, 0.000000, 0.372625, 0.372996
{"status":"success"}Local, 0.004848, 0.005078, 0.000000, 0.005115, 0.000000, 0.373354, 0.373483
{"status":"success"}Local, 0.004094, 0.004254, 0.000000, 0.004278, 0.000000, 0.375925, 0.375965
{"status":"success"}Local, 0.004360, 0.004570, 0.000000, 0.004604, 0.000000, 0.376969, 0.377022
{"status":"success"}Local, 0.004755, 0.005260, 0.000000, 0.005297, 0.000000, 0.375773, 0.375814
{"status":"success"}Local, 0.005156, 0.005350, 0.000000, 0.005382, 0.000000, 0.378688, 0.378734
{"status":"success"}Local, 0.005135, 0.005299, 0.000000, 0.005334, 0.000000, 0.378129, 0.378174
{"status":"success"}Local, 0.005087, 0.005323, 0.000000, 0.005362, 0.000000, 0.374477, 0.374518
{"status":"success"}Local, 0.004099, 0.004349, 0.000000, 0.004400, 0.000000, 0.373605, 0.373653
{"status":"success"}Local, 0.004944, 0.005110, 0.000000, 0.005142, 0.000000, 0.373254, 0.373291
{"status":"success"}Local, 0.005100, 0.005265, 0.000000, 0.005316, 0.000000, 0.375812, 0.375857
{"status":"success"}Local, 0.004851, 0.005063, 0.000000, 0.005110, 0.000000, 0.376445, 0.376486
{"status":"success"}Local, 0.004342, 0.004562, 0.000000, 0.004623, 0.000000, 0.373107, 0.373160
{"status":"success"}Local, 0.004450, 0.004590, 0.000000, 0.004626, 0.000000, 0.373609, 0.373678
{"status":"success"}Local, 0.004106, 0.004303, 0.000000, 0.004336, 0.000000, 0.372936, 0.372987
{"status":"success"}Local, 0.004250, 0.004437, 0.000000, 0.004498, 0.000000, 0.373404, 0.373477
{"status":"success"}Local, 0.005201, 0.005471, 0.000000, 0.005529, 0.000000, 0.375093, 0.375150
{"status":"success"}Local, 0.004795, 0.004992, 0.000000, 0.005026, 0.000000, 0.374349, 0.374392
{"status":"success"}Local, 0.005118, 0.005299, 0.000000, 0.005329, 0.000000, 0.374706, 0.374764
{"status":"success"}Local, 0.004135, 0.004283, 0.000000, 0.004320, 0.000000, 0.372967, 0.373027
{"status":"success"}Local, 0.005013, 0.005171, 0.000000, 0.005206, 0.000000, 0.373735, 0.373786
{"status":"success"}Local, 0.004231, 0.004371, 0.000000, 0.004406, 0.000000, 0.376328, 0.376417
{"status":"success"}Local, 0.004807, 0.004996, 0.000000, 0.005022, 0.000000, 0.374920, 0.374973
{"status":"success"}Local, 0.005160, 0.005315, 0.000000, 0.005344, 0.000000, 0.373806, 0.373879
{"status":"success"}Local, 0.004241, 0.004422, 0.000000, 0.004459, 0.000000, 0.373498, 0.373568
{"status":"success"}Local, 0.005143, 0.005348, 0.000000, 0.005390, 0.000000, 0.373097, 0.373174
{"status":"success"}Local, 0.004401, 0.004621, 0.000000, 0.004696, 0.000000, 0.373662, 0.373717
{"status":"success"}Local, 0.004332, 0.004519, 0.000000, 0.004574, 0.000000, 0.372849, 0.372956
{"status":"success"}Local, 0.004109, 0.004326, 0.000000, 0.004375, 0.000000, 0.375908, 0.375991
{"status":"success"}Local, 0.005117, 0.005310, 0.000000, 0.005350, 0.000000, 0.373644, 0.373705
{"status":"success"}Local, 0.005085, 0.005287, 0.000000, 0.005333, 0.000000, 0.374432, 0.374515
{"status":"success"}Local, 0.005297, 0.005541, 0.000000, 0.005608, 0.000000, 0.377553, 0.377614
{"status":"success"}Local, 0.005034, 0.005220, 0.000000, 0.005245, 0.000000, 0.373906, 0.374007
{"status":"success"}Local, 0.005026, 0.005170, 0.000000, 0.005207, 0.000000, 0.374940, 0.375027
{"status":"success"}Local, 0.005084, 0.005273, 0.000000, 0.005311, 0.000000, 0.377518, 0.377569
{"status":"success"}Local, 0.004183, 0.004378, 0.000000, 0.004421, 0.000000, 0.373200, 0.373256
{"status":"success"}Local, 0.004084, 0.004245, 0.000000, 0.004284, 0.000000, 0.374172, 0.374223
{"status":"success"}Local, 0.005335, 0.005604, 0.000000, 0.005666, 0.000000, 0.374095, 0.374181
{"status":"success"}Local, 0.004599, 0.004743, 0.000000, 0.004780, 0.000000, 0.372340, 0.372387
{"status":"success"}Local, 0.004474, 0.004645, 0.000000, 0.004689, 0.000000, 0.372299, 0.372348
{"status":"success"}Local, 0.005095, 0.005328, 0.000000, 0.005376, 0.000000, 0.374399, 0.374503
{"status":"success"}Local, 0.004324, 0.004518, 0.000000, 0.004558, 0.000000, 0.372739, 0.372818
{"status":"success"}Local, 0.004358, 0.004539, 0.000000, 0.004564, 0.000000, 0.373364, 0.373410
{"status":"success"}Local, 0.004621, 0.004767, 0.000000, 0.004798, 0.000000, 0.376126, 0.376169
{"status":"success"}Local, 0.005099, 0.005513, 0.000000, 0.005556, 0.000000, 0.373260, 0.373306
{"status":"success"}Local, 0.005106, 0.005404, 0.000000, 0.005473, 0.000000, 0.373500, 0.373557
{"status":"success"}Local, 0.004687, 0.004876, 0.000000, 0.004911, 0.000000, 0.376161, 0.376239
{"status":"success"}Local, 0.004101, 0.004293, 0.000000, 0.004318, 0.000000, 0.372852, 0.372942
{"status":"success"}Local, 0.005326, 0.005578, 0.000000, 0.005646, 0.000000, 0.374639, 0.374689
{"status":"success"}Local, 0.004459, 0.004663, 0.000000, 0.004716, 0.000000, 0.382099, 0.382143
{"status":"success"}Local, 0.005099, 0.005268, 0.000000, 0.005299, 0.000000, 0.374950, 0.375004
{"status":"success"}Local, 0.004523, 0.004726, 0.000000, 0.004765, 0.000000, 0.376030, 0.376126
{"status":"success"}Local, 0.004654, 0.004922, 0.000000, 0.004987, 0.000000, 0.373446, 0.373525
{"status":"success"}Local, 0.004102, 0.004331, 0.000000, 0.004366, 0.000000, 0.372084, 0.372150
{"status":"success"}Local, 0.005028, 0.005396, 0.000000, 0.005454, 0.000000, 0.375800, 0.375860
{"status":"success"}Local, 0.004491, 0.004678, 0.000000, 0.004741, 0.000000, 0.373296, 0.373342
{"status":"success"}Local, 0.004833, 0.005083, 0.000000, 0.005130, 0.000000, 0.373659, 0.373734
{"status":"success"}Local, 0.005171, 0.005479, 0.000000, 0.005552, 0.000000, 0.374855, 0.374903
{"status":"success"}Local, 0.005023, 0.005300, 0.000000, 0.005339, 0.000000, 0.381827, 0.381900
{"status":"success"}Local, 0.004695, 0.004920, 0.000000, 0.004995, 0.000000, 0.373674, 0.373758
{"status":"success"}Local, 0.004544, 0.004740, 0.000000, 0.004778, 0.000000, 0.382487, 0.382556
{"status":"success"}Local, 0.004857, 0.005088, 0.000000, 0.005128, 0.000000, 0.374170, 0.374227
{"status":"success"}Local, 0.004158, 0.004367, 0.000000, 0.004408, 0.000000, 0.372890, 0.372951
{"status":"success"}Local, 0.004301, 0.004538, 0.000000, 0.004607, 0.000000, 0.372742, 0.372836
{"status":"success"}Local, 0.004666, 0.004933, 0.000000, 0.005114, 0.000000, 0.373778, 0.373866
{"status":"success"}Local, 0.005085, 0.005295, 0.000000, 0.005337, 0.000000, 0.374565, 0.374626
{"status":"success"}Local, 0.004622, 0.004818, 0.000000, 0.004874, 0.000000, 0.373009, 0.373075
{"status":"success"}Local, 0.004665, 0.004888, 0.000000, 0.004965, 0.000000, 0.377626, 0.377711
{"status":"success"}Local, 0.004699, 0.004966, 0.000000, 0.005034, 0.000000, 0.375793, 0.375892
{"status":"success"}Local, 0.005100, 0.005340, 0.000000, 0.005376, 0.000000, 0.374990, 0.375059
{"status":"success"}Local, 0.005088, 0.005275, 0.000000, 0.005318, 0.000000, 0.381071, 0.381124
{"status":"success"}Local, 0.004506, 0.004714, 0.000000, 0.004758, 0.000000, 0.373070, 0.373115
{"status":"success"}Local, 0.005168, 0.005360, 0.000000, 0.005384, 0.000000, 0.379366, 0.379419
{"status":"success"}Local, 0.004135, 0.004387, 0.000000, 0.004430, 0.000000, 0.381603, 0.381664
{"status":"success"}Local, 0.005070, 0.005293, 0.000000, 0.005328, 0.000000, 0.376153, 0.376199
{"status":"success"}Local, 0.005118, 0.005362, 0.000000, 0.005425, 0.000000, 0.373343, 0.373398
{"status":"success"}Local, 0.004417, 0.004677, 0.000000, 0.004743, 0.000000, 0.374522, 0.374567
{"status":"success"}Local, 0.005277, 0.005533, 0.000000, 0.005577, 0.000000, 0.374946, 0.375003
{"status":"success"}Local, 0.004434, 0.004694, 0.000000, 0.004758, 0.000000, 0.373473, 0.373525
{"status":"success"}Local, 0.005091, 0.005292, 0.000000, 0.005338, 0.000000, 0.373423, 0.373511
{"status":"success"}Local, 0.005096, 0.005318, 0.000000, 0.005373, 0.000000, 0.373888, 0.373936
{"status":"success"}Local, 0.004394, 0.004663, 0.000000, 0.004731, 0.000000, 0.373724, 0.373772
{"status":"success"}Local, 0.005118, 0.005385, 0.000000, 0.005451, 0.000000, 0.375073, 0.375123
{"status":"success"}Local, 0.004116, 0.004324, 0.000000, 0.004366, 0.000000, 0.388226, 0.388299
{"status":"success"}Local, 0.005132, 0.005321, 0.000000, 0.005357, 0.000000, 0.373648, 0.373707
{"status":"success"}Local, 0.004583, 0.004817, 0.000000, 0.004879, 0.000000, 0.374372, 0.374444
{"status":"success"}Local, 0.004523, 0.004790, 0.000000, 0.004854, 0.000000, 0.373751, 0.373794
{"status":"success"}Local, 0.004165, 0.004475, 0.000000, 0.004526, 0.000000, 0.373437, 0.373492
{"status":"success"}Local, 0.004606, 0.004861, 0.000000, 0.004929, 0.000000, 0.373275, 0.373350
{"status":"success"}Local, 0.005189, 0.005380, 0.000000, 0.005429, 0.000000, 0.373241, 0.373314
{"status":"success"}Local, 0.004741, 0.004936, 0.000000, 0.004980, 0.000000, 0.377041, 0.377091
{"status":"success"}Local, 0.005012, 0.005291, 0.000000, 0.005392, 0.000000, 0.467767, 0.467820
{"status":"success"}Local, 0.005188, 0.005368, 0.000000, 0.005392, 0.000000, 0.465386, 0.465446
{"status":"success"}Local, 0.004219, 0.004408, 0.000000, 0.004442, 0.000000, 0.467285, 0.467352
{"status":"success"}Local, 0.004470, 0.004710, 0.000000, 0.004751, 0.000000, 0.468831, 0.468885
{"status":"success"}Local, 0.004273, 0.004469, 0.000000, 0.004507, 0.000000, 0.465165, 0.465220
{"status":"success"}Local, 0.004864, 0.005133, 0.000000, 0.005198, 0.000000, 0.467388, 0.467436
{"status":"success"}Local, 0.005096, 0.005278, 0.000000, 0.005310, 0.000000, 0.465217, 0.465300
{"status":"success"}Local, 0.005144, 0.005373, 0.000000, 0.005419, 0.000000, 0.470600, 0.470699
{"status":"success"}Local, 0.005002, 0.005250, 0.000000, 0.005300, 0.000000, 0.471376, 0.471431
{"status":"success"}Local, 0.004088, 0.004288, 0.000000, 0.004317, 0.000000, 0.466294, 0.466346
{"status":"success"}Local, 0.004897, 0.005148, 0.000000, 0.005186, 0.000000, 0.465890, 0.465965
{"status":"success"}Local, 0.004247, 0.004437, 0.000000, 0.004474, 0.000000, 0.404988, 0.405030
{"status":"success"}Local, 0.004227, 0.004390, 0.000000, 0.004422, 0.000000, 0.381876, 0.381948
{"status":"success"}Local, 0.004440, 0.004618, 0.000000, 0.004679, 0.000000, 0.388142, 0.388213
{"status":"success"}Local, 0.005081, 0.005250, 0.000000, 0.005291, 0.000000, 0.382152, 0.382233
{"status":"success"}Local, 0.005180, 0.005496, 0.000000, 0.005558, 0.000000, 0.382954, 0.383000
{"status":"success"}Local, 0.004515, 0.004759, 0.000000, 0.004823, 0.000000, 0.385406, 0.385473
{"status":"success"}Local, 0.004925, 0.005111, 0.000000, 0.005141, 0.000000, 0.381682, 0.381775
{"status":"success"}Local, 0.004875, 0.005074, 0.000000, 0.005113, 0.000000, 0.382256, 0.382339
{"status":"success"}Local, 0.005130, 0.005322, 0.000000, 0.005367, 0.000000, 0.384302, 0.384357
{"status":"success"}Local, 0.004556, 0.004772, 0.000000, 0.004807, 0.000000, 0.381186, 0.381237
{"status":"success"}Local, 0.004182, 0.004358, 0.000000, 0.004384, 0.000000, 0.382443, 0.382496
{"status":"success"}Local, 0.004292, 0.004437, 0.000000, 0.004474, 0.000000, 0.389370, 0.389440
{"status":"success"}Local, 0.005126, 0.005319, 0.000000, 0.005363, 0.000000, 0.379959, 0.380016
{"status":"success"}Local, 0.004628, 0.004807, 0.000000, 0.004843, 0.000000, 0.380439, 0.380488
{"status":"success"}Local, 0.004577, 0.004825, 0.000000, 0.004890, 0.000000, 0.384672, 0.384727
{"status":"success"}Local, 0.005047, 0.005280, 0.000000, 0.005345, 0.000000, 0.380154, 0.380213
{"status":"success"}Local, 0.004126, 0.004270, 0.000000, 0.004300, 0.000000, 0.379379, 0.379421
{"status":"success"}Local, 0.004868, 0.005085, 0.000000, 0.005133, 0.000000, 0.381612, 0.381670
{"status":"success"}Local, 0.004921, 0.005088, 0.000000, 0.005123, 0.000000, 0.381135, 0.381185
{"status":"success"}Local, 0.004633, 0.004922, 0.000000, 0.004986, 0.000000, 0.380243, 0.380322
{"status":"success"}Local, 0.004092, 0.004330, 0.000000, 0.004365, 0.000000, 0.379686, 0.379794
{"status":"success"}Local, 0.005101, 0.005247, 0.000000, 0.005297, 0.000000, 0.380022, 0.380075
{"status":"success"}Local, 0.004472, 0.004665, 0.000000, 0.004705, 0.000000, 0.380446, 0.380495
{"status":"success"}Local, 0.004933, 0.005133, 0.000000, 0.005197, 0.000000, 0.380976, 0.381040
{"status":"success"}Local, 0.004225, 0.004439, 0.000000, 0.004497, 0.000000, 0.402669, 0.402726
{"status":"success"}Local, 0.004163, 0.004333, 0.000000, 0.004372, 0.000000, 0.381441, 0.381493
{"status":"success"}Local, 0.004608, 0.004762, 0.000000, 0.004797, 0.000000, 0.383170, 0.383273
{"status":"success"}Local, 0.005109, 0.005315, 0.000000, 0.005353, 0.000000, 0.381839, 0.381928
{"status":"success"}Local, 0.004968, 0.005179, 0.000000, 0.005223, 0.000000, 0.381664, 0.381773
{"status":"success"}Local, 0.004403, 0.004634, 0.000000, 0.004670, 0.000000, 0.381841, 0.381926
{"status":"success"}Local, 0.004951, 0.005143, 0.000000, 0.005182, 0.000000, 0.380184, 0.380220
{"status":"success"}Local, 0.004213, 0.004344, 0.000000, 0.004378, 0.000000, 0.380730, 0.380781
{"status":"success"}Local, 0.005101, 0.005321, 0.000000, 0.005363, 0.000000, 0.380455, 0.380551
{"status":"success"}Local, 0.004985, 0.005162, 0.000000, 0.005203, 0.000000, 0.381363, 0.381411
{"status":"success"}Local, 0.004827, 0.005038, 0.000000, 0.005077, 0.000000, 0.384400, 0.384453
{"status":"success"}Local, 0.004679, 0.004911, 0.000000, 0.005016, 0.000000, 0.381751, 0.381807
{"status":"success"}Local, 0.005065, 0.005216, 0.000000, 0.005246, 0.000000, 0.380851, 0.380902
{"status":"success"}Local, 0.005137, 0.005430, 0.000000, 0.005499, 0.000000, 0.380881, 0.380932
{"status":"success"}Local, 0.004410, 0.004572, 0.000000, 0.004615, 0.000000, 0.380694, 0.380741
{"status":"success"}Local, 0.005289, 0.005548, 0.000000, 0.005611, 0.000000, 0.385338, 0.385431
{"status":"success"}Local, 0.004907, 0.005186, 0.000000, 0.005265, 0.000000, 0.383691, 0.383739
{"status":"success"}Local, 0.004293, 0.004442, 0.000000, 0.004496, 0.000000, 0.378640, 0.378723
{"status":"success"}Local, 0.005197, 0.005424, 0.000000, 0.005486, 0.000000, 0.380185, 0.380259
{"status":"success"}Local, 0.005102, 0.005338, 0.000000, 0.005396, 0.000000, 0.381250, 0.381303
{"status":"success"}Local, 0.005089, 0.005278, 0.000000, 0.005315, 0.000000, 0.380638, 0.380689
{"status":"success"}Local, 0.004302, 0.004513, 0.000000, 0.004582, 0.000000, 0.382254, 0.382340
{"status":"success"}Local, 0.004474, 0.004679, 0.000000, 0.004716, 0.000000, 0.380069, 0.380150
{"status":"success"}Local, 0.004877, 0.005054, 0.000000, 0.005096, 0.000000, 0.380964, 0.381045
{"status":"success"}Local, 0.005085, 0.005295, 0.000000, 0.005334, 0.000000, 0.383988, 0.384030
{"status":"success"}Local, 0.004224, 0.004438, 0.000000, 0.004477, 0.000000, 0.379892, 0.379941
{"status":"success"}Local, 0.004580, 0.004774, 0.000000, 0.004807, 0.000000, 0.380592, 0.380668
{"status":"success"}Local, 0.004700, 0.004908, 0.000000, 0.004949, 0.000000, 0.480749, 0.480799
{"status":"success"}Local, 0.004329, 0.004745, 0.000000, 0.004827, 0.000000, 0.387675, 0.387735
{"status":"success"}Local, 0.004905, 0.005107, 0.000000, 0.005136, 0.000000, 0.381212, 0.381290
{"status":"success"}Local, 0.004831, 0.005037, 0.000000, 0.005084, 0.000000, 0.418297, 0.418362
{"status":"success"}Local, 0.004904, 0.005218, 0.000000, 0.005275, 0.000000, 0.383255, 0.383317
{"status":"success"}Local, 0.004480, 0.004813, 0.000000, 0.004886, 0.000000, 0.382487, 0.382554
{"status":"success"}Local, 0.004416, 0.004664, 0.000000, 0.004704, 0.000000, 0.379716, 0.379772
{"status":"success"}Local, 0.004275, 0.004451, 0.000000, 0.004486, 0.000000, 0.379101, 0.379145
{"status":"success"}Local, 0.004275, 0.004521, 0.000000, 0.004564, 0.000000, 0.383326, 0.383382
{"status":"success"}Local, 0.012952, 0.013596, 0.000000, 0.013672, 0.000000, 0.398726, 0.398925
{"status":"success"}Local, 0.004894, 0.005161, 0.000000, 0.005228, 0.000000, 0.429207, 0.430492
{"status":"success"}Local, 0.005184, 0.005498, 0.000000, 0.005536, 0.000000, 0.483061, 0.483119
{"status":"success"}Local, 0.004962, 0.006685, 0.000000, 0.008021, 0.000000, 0.433877, 0.433925
{"status":"success"}Local, 0.004266, 0.005381, 0.000000, 0.006168, 0.000000, 0.380710, 0.380748
{"status":"success"}Local, 0.004972, 0.005208, 0.000000, 0.005258, 0.000000, 0.381711, 0.381785
{"status":"success"}Local, 0.004759, 0.004946, 0.000000, 0.004983, 0.000000, 0.380408, 0.380457
{"status":"success"}Local, 0.004732, 0.004877, 0.000000, 0.004916, 0.000000, 0.381173, 0.381225
{"status":"success"}Local, 0.004137, 0.004415, 0.000000, 0.004462, 0.000000, 0.387025, 0.387172
{"status":"success"}Local, 0.004429, 0.004647, 0.000000, 0.004687, 0.000000, 0.381588, 0.381639
{"status":"success"}Local, 0.005172, 0.005336, 0.000000, 0.005379, 0.000000, 0.866241, 0.866280
{"status":"success"}Local, 0.005073, 0.005329, 0.000000, 0.005401, 0.000000, 0.420345, 0.420407
{"status":"success"}Local, 0.055869, 0.056384, 0.000000, 0.057268, 0.000000, 0.436796, 0.436843
{"status":"success"}Local, 0.004314, 0.004522, 0.000000, 0.004574, 0.000000, 0.381382, 0.381439
{"status":"success"}Local, 0.005070, 0.005297, 0.000000, 0.005333, 0.000000, 0.381542, 0.381677
{"status":"success"}Local, 0.005296, 0.005490, 0.000000, 0.005525, 0.000000, 0.381689, 0.381752
{"status":"success"}Local, 0.004722, 0.005000, 0.000000, 0.005040, 0.000000, 0.384423, 0.384497
{"status":"success"}Local, 0.005072, 0.005258, 0.000000, 0.005290, 0.000000, 0.383810, 0.383887
{"status":"success"}Local, 0.005107, 0.005347, 0.000000, 0.005394, 0.000000, 0.383493, 0.383540
{"status":"success"}Local, 0.004493, 0.004684, 0.000000, 0.004724, 0.000000, 0.379177, 0.379231
{"status":"success"}Local, 0.005084, 0.005242, 0.000000, 0.005281, 0.000000, 0.381554, 0.381593
{"status":"success"}Local, 0.004777, 0.004969, 0.000000, 0.004998, 0.000000, 0.378927, 0.378974
{"status":"success"}Local, 0.004469, 0.004651, 0.000000, 0.004691, 0.000000, 0.381092, 0.381172
{"status":"success"}Local, 0.004892, 0.005087, 0.000000, 0.005125, 0.000000, 0.380076, 0.380146
{"status":"success"}Local, 0.004789, 0.005223, 0.000000, 0.017223, 0.000000, 0.380306, 0.380353
{"status":"success"}Local, 0.005106, 0.005311, 0.000000, 0.005341, 0.000000, 0.381104, 0.381153
{"status":"success"}Local, 0.004568, 0.005233, 0.000000, 0.005331, 0.000000, 0.390382, 0.390446
{"status":"success"}Local, 0.005420, 0.005943, 0.000000, 0.006832, 0.000000, 0.386551, 0.386608
{"status":"success"}Local, 0.005027, 0.005539, 0.000000, 0.005576, 0.000000, 0.381772, 0.381814
{"status":"success"}Local, 0.004505, 0.004695, 0.000000, 0.004731, 0.000000, 0.379690, 0.379730
{"status":"success"}Local, 0.004766, 0.005019, 0.000000, 0.005088, 0.000000, 0.380396, 0.380449
{"status":"success"}Local, 0.004176, 0.004413, 0.000000, 0.004485, 0.000000, 0.389179, 0.389274
{"status":"success"}Local, 0.004948, 0.005107, 0.000000, 0.005139, 0.000000, 0.384885, 0.384965
{"status":"success"}Local, 0.004483, 0.004680, 0.000000, 0.004716, 0.000000, 0.378763, 0.378817
{"status":"success"}Local, 0.004125, 0.004320, 0.000000, 0.004352, 0.000000, 0.380146, 0.380179
{"status":"success"}Local, 0.004778, 0.004994, 0.000000, 0.005028, 0.000000, 0.381744, 0.381800
{"status":"success"}Local, 0.004497, 0.004703, 0.000000, 0.004742, 0.000000, 0.380554, 0.380597
{"status":"success"}Local, 0.004798, 0.004965, 0.000000, 0.005001, 0.000000, 0.379097, 0.379141
{"status":"success"}Local, 0.004107, 0.004330, 0.000000, 0.004367, 0.000000, 0.379209, 0.379254
{"status":"success"}Local, 0.005046, 0.005196, 0.000000, 0.005235, 0.000000, 0.380181, 0.380242
{"status":"success"}Local, 0.004875, 0.005108, 0.000000, 0.005142, 0.000000, 0.479858, 0.479992
{"status":"success"}Local, 0.004136, 0.004313, 0.000000, 0.004344, 0.000000, 0.480241, 0.480307
{"status":"success"}Local, 0.004181, 0.004395, 0.000000, 0.004435, 0.000000, 0.471562, 0.471605
{"status":"success"}Local, 0.005108, 0.005313, 0.000000, 0.005347, 0.000000, 0.476511, 0.476581
{"status":"success"}Local, 0.004535, 0.004733, 0.000000, 0.004766, 0.000000, 0.474060, 0.474109
{"status":"success"}Local, 0.004461, 0.004722, 0.000000, 0.004788, 0.000000, 0.475204, 0.475257
{"status":"success"}Local, 0.004316, 0.004499, 0.000000, 0.004541, 0.000000, 0.473596, 0.473676
{"status":"success"}Local, 0.004887, 0.005078, 0.000000, 0.005121, 0.000000, 0.476569, 0.476652
{"status":"success"}Local, 0.005006, 0.005282, 0.000000, 0.005348, 0.000000, 0.484961, 0.485011
{"status":"success"}Local, 0.004813, 0.005021, 0.000000, 0.005049, 0.000000, 0.477628, 0.477704
{"status":"success"}Local, 0.005092, 0.005294, 0.000000, 0.005341, 0.000000, 0.476991, 0.477039
